{
	"pages": [
		{
            "path" : "pages/index/index",
            "style" :                                                                                    
            {
                "navigationBarTitleText": "Bithumb",
                "enablePullDownRefresh": true
            }
            
        }
        ,{
            "path" : "pages/settings/language/language",
            "style" :                                                                                    
            {
                "navigationBarTitleText": "Bithumb",
                "enablePullDownRefresh": false
            }
            
        }
        ,{
            "path" : "pages/trade/index",
            "style" :                                                                                    
            {
                "navigationBarTitleText": "Bithumb",
                "enablePullDownRefresh": false
            }
            
        }
        ,{
            "path" : "pages/user/login/login",
            "style" :                                                                                    
            {
                "navigationBarTitleText": "Bithumb",
                "enablePullDownRefresh": false
            }
            
        }
        ,{
            "path" : "pages/user/login/register",
            "style" :                                                                                    
            {
                "navigationBarTitleText": "Bithumb",
                "enablePullDownRefresh": false
            }
            
        }
        ,{
            "path" : "pages/user/login/choose",
            "style" :                                                                                    
            {
                "navigationBarTitleText": "",
                "enablePullDownRefresh": false
            }
            
        }
        ,{
            "path" : "pages/settings/account/index",
            "style" :                                                                                    
            {
                "navigationBarTitleText": "Bithumb",
                "enablePullDownRefresh": false
            }
            
        }
        ,{
            "path" : "pages/notice/index",
            "style" :                                                                                    
            {
                "navigationBarTitleText": "NOTICE",
                "enablePullDownRefresh": true
            }
            
        }
		,{
		    "path" : "pages/publication/index",
		    "style" :                                                                                    
		    {
		        "navigationBarTitleText": "PUBLICATION",
		        "enablePullDownRefresh": false
		    }
		    
		}
		,{
		    "path" : "pages/publication/details",
		    "style" :                                                                                    
		    {
		        "navigationBarTitleText": "PUBLICATION_DETAILS",
		        "enablePullDownRefresh": false
		    }
		    
		}
		,{
		    "path" : "pages/publication/purchase",
		    "style" :                                                                                    
		    {
		        "navigationBarTitleText": "PURCHASE",
		        "enablePullDownRefresh": false
		    }
		    
		}
        ,{
            "path" : "pages/settings/index",
            "style" :                                                                                    
            {
                "navigationBarTitleText": "",
                "enablePullDownRefresh": false
            }
            
        }
        ,{
            "path" : "pages/trade/kline",
            "style" :                                                                                    
            {
                "navigationBarTitleText": "kline",
                "enablePullDownRefresh": false				
            }
            
        }
        ,{
            "path" : "pages/option/detail",
            "style" :                                                                                    
            {
                "navigationBarTitleText": "Bithumb",
                "enablePullDownRefresh": false
            }
            
        }
        ,{
            "path" : "pages/assets/index",
            "style" :                                                                                    
            {
                "navigationBarTitleText": "Bithumb",
                "enablePullDownRefresh": true
            }
            
        }
        ,{
            "path" : "pages/template/index",
            "style" :                                                                                    
            {
                "navigationBarTitleText": "Bithumb",
                "enablePullDownRefresh": false
            }
            
        }
        ,{
            "path" : "pages/verification/index",
            "style" :                                                                                    
            {
                "navigationBarTitleText": "Bithumb",
                "enablePullDownRefresh": false
            }
            
        }
        ,{
            "path" : "pages/verification/basic",
            "style" :                                                                                    
            {
                "navigationBarTitleText": "Bithumb",
                "enablePullDownRefresh": false
            }
            
        }
        ,{
            "path" : "pages/assets/tradeAccount",
            "style" :                                                                                    
            {
                "navigationBarTitleText": "Bithumb",
                "enablePullDownRefresh": true
            }
            
        }
        ,{
            "path" : "pages/assets/transfer/index",
            "style" :                                                                                    
            {
                "navigationBarTitleText": "Deposit",
                "enablePullDownRefresh": false
            }
            
        }
        ,{
            "path" : "pages/assets/transfer/record",
            "style" :                                                                                    
            {
                "navigationBarTitleText": "Bithumb",
                "enablePullDownRefresh": false
            }
            
        }
        ,{
            "path" : "pages/assets/deposit/index",
            "style" :                                                                                    
            {
                "navigationBarTitleText": "Bithumb",
                "enablePullDownRefresh": false
            }
            
        }
        ,{
            "path" : "pages/assets/deposit/charge",
            "style" :                                                                                    
            {
                "navigationBarTitleText": "Bithumb",
                "enablePullDownRefresh": false
            }
            
        }
        ,{
            "path" : "pages/assets/withdraw/index",
            "style" :                                                                                    
            {
                "navigationBarTitleText": "",
                "enablePullDownRefresh": false
            }
            
        }
        ,{
            "path" : "pages/assets/withdraw/detail",
            "style" :                                                                                    
            {
                "navigationBarTitleText": "",
                "enablePullDownRefresh": false
            }
            
        }
        ,{
            "path" : "pages/user/address/address",
            "style" :                                                                                    
            {
                "navigationBarTitleText": "Bithumb",
                "enablePullDownRefresh": false
            }
            
        }
        ,{
            "path" : "pages/user/address/create",
            "style" :                                                                                    
            {
                "navigationBarTitleText": "Bithumb",
                "enablePullDownRefresh": false
            }
            
        }
        ,{
            "path" : "pages/user/address/index",
            "style" :                                                                                    
            {
                "navigationBarTitleText": "Bithumb",
                "enablePullDownRefresh": false
            }
            
        }
        ,{
            "path" : "pages/settings/security/index",
            "style" :                                                                                    
            {
                "navigationBarTitleText": "Bithumb",
                "enablePullDownRefresh": false
            }
            
        }
        ,{
            "path" : "pages/settings/security/changePassword",
            "style" :                                                                                    
            {
                "navigationBarTitleText": "Bithumb",
                "enablePullDownRefresh": false
            }
            
        }
        ,{
            "path" : "pages/finance/index",
            "style" :                                                                                    
            {
                "navigationBarTitleText": "Bithumb",
                "enablePullDownRefresh": true
            }
            
        }
        ,{
            "path" : "pages/finance/buyPage",
            "style" :                                                                                    
            {
                "navigationBarTitleText": "Bithumb",
                "enablePullDownRefresh": false
            }
            
        }
        ,{
            "path" : "pages/finance/ordersPage",
            "style" :                                                                                    
            {
                "navigationBarTitleText": "Bithumb",
                "enablePullDownRefresh": true
            }
            
        }
        ,{
            "path" : "pages/finance/rulePage",
            "style" :                                                                                    
            {
                "navigationBarTitleText": "Bithumb",
                "enablePullDownRefresh": false
            }
            
        }
        ,{
            "path" : "pages/promotion/index",
            "style" :                                                                                    
            {
                "navigationBarTitleText": "Bithumb",
                "enablePullDownRefresh": false
            }
            
        }
        ,{
            "path" : "pages/help/center/center",
            "style" :                                                                                    
            {
                "navigationBarTitleText": "Help",
                "enablePullDownRefresh": true
            }
            
        }
        ,{
            "path" : "pages/help/center/chat",
            "style" :                                                                                    
            {
                "navigationBarTitleText": "Bithumb",
                "enablePullDownRefresh": false,
				"navigationBarBackgroundColor":"#202020",
				"navigationBarTextStyle": "white",
				"navigationStyle":"default",
				"backgroundColor": "#202020",
				"backgroundColorTop": "#202020",
				"backgroundColorBottom": "#202020",
				"background": "#202020",
				"app-plus": {
					"background": "#202020",
				    "bounceBackground": "#202020",
					"backgroundColor": "#202020",
					"backgroundColorTop": "#202020",
					"backgroundColorBottom": "#202020",
					"animationAlphaBGColor": "##202020",
					"animationType": "slide-in-right"
				}
            }
            
        }
        ,{
            "path" : "pages/help/center/detail",
            "style" :                                                                                    
            {
                "navigationBarTitleText": "Bithumb",
                "enablePullDownRefresh": false
            }
            
        }
        ,{
            "path" : "pages/verification/advanced",
            "style" :                                                                                    
            {
                "navigationBarTitleText": "Bithumb",
                "enablePullDownRefresh": false
            }
            
        }
        ,{
            "path" : "pages/assets/record",
            "style" :                                                                                    
            {
                "navigationBarTitleText": "Bithumb",
                "enablePullDownRefresh": true
            }
            
        }
        ,{
            "path" : "pages/lever/index",
            "style" :                                                                                    
            {
                "navigationBarTitleText": "Bithumb",
                "enablePullDownRefresh": false,
				"backgroundColor": "#202020",
				"backgroundColorTop": "#202020",
				"backgroundColorBottom": "#202020",
				"background": "#202020"
            }
            
        }
        ,{
            "path" : "pages/settings/security/changePayPassword",
            "style" :                                                                                    
            {
                "navigationBarTitleText": "Bithumb",
                "enablePullDownRefresh": false
            }
            
        }
        ,{
            "path" : "pages/user/login/forgetPassword",
            "style" :                                                                                    
            {
                "navigationBarTitleText": "Bithumb",
                "enablePullDownRefresh": false
            }
            
        }
        ,{
            "path" : "pages/index/notice/notice",
            "style" :                                                                                    
            {
                "navigationBarTitleText": "Bithumb",
                "enablePullDownRefresh": false
            }
            
        }
		,{
		    "path" : "pages/bankbind/index",
		    "style" :                                                                                    
		    {
		        "navigationBarTitleText": "Bithumb",
		        "enablePullDownRefresh": false
		    }
		    
		}
		,{
		    "path" : "pages/bankbind/addbank",
		    "style" :                                                                                    
		    {
		        "navigationBarTitleText": "Bithumb",
		        "enablePullDownRefresh": false
		    }
		    
		}
        ,{
            "path" : "pages/assets/withdraw/bank/bank",
            "style" :                                                                                    
            {
                "navigationBarTitleText": "Bithumb",
                "enablePullDownRefresh": false
            }
            
        }
    ],
	"tabBar": {
	    "color": "#768da9",
	    "selectedColor": "#2befbc",
	    "borderStyle": "black",
	    "backgroundColor": "#202020",
	    "list": [
			{
				"iconPath": "/static/images/tabbar/tabbar-home-dark.png",
				"selectedIconPath": "/static/images/tabbar/tabbar-home-select-dark.png",
				"text": "首页",
				"pagePath":"pages/index/index"
			},
			{
				"iconPath": "/static/images/tabbar/tabbar-trade-dark.png",
				"selectedIconPath": "/static/images/tabbar/tabbar-trade-select-dark.png",
				"text": "币币",
				"pagePath":"pages/trade/index"
			},
			{
				"iconPath": "/static/images/tabbar/tabbar-option-dark.png",
				"selectedIconPath": "/static/images/tabbar/tabbar-option-select-dark.png",
				"text": "合约",
				"pagePath":"pages/option/detail"
			},
			{
				"iconPath": "/static/images/tabbar/tabbar-finance-dark.png",
				"selectedIconPath": "/static/images/tabbar/tabbar-finance-select-dark.png",
				"text": "理财",
				"pagePath":"pages/template/index"
			},
			{
				"iconPath": "/static/images/tabbar/tabbar-assets-dark.png",
				"selectedIconPath": "/static/images/tabbar/tabbar-assets-select-dark.png",
				"text": "资产",
				"pagePath":"pages/assets/index"
			}
		]
	},
	"easycom": {
		"^u-(.*)": "uview-ui/components/u-$1/u-$1.vue"
	},
	"globalStyle": {
		"navigationBarTitleText": "Bithumb",
		"navigationBarBackgroundColor":"#202020",
		"navigationBarTextStyle": "white",
		"navigationStyle":"custom",
		"backgroundColor": "#202020",
		"backgroundColorTop": "#202020",
		"backgroundColorBottom": "#202020",
		"background": "#202020",
		"app-plus": {
			"background": "#202020",
            "bounceBackground": "#202020",
			"backgroundColor": "#202020",
			"backgroundColorTop": "#202020",
			"backgroundColorBottom": "#202020",
			"animationAlphaBGColor": "##202020",
			"animationType": "slide-in-right",
			"bounce":"none"
		}
	}
}
